strategy,Random (ts = 0.20),Random (ts = 0.20),CV (n = 5),CV (n = 5),Time (ts = 0.20),Time (ts = 0.20),Time-U (ts = 0.20),Time-U (ts = 0.20)
metric,rmse,time,rmse,time,rmse,time,rmse,time
0,1.6368336969266255,21.84040129999994,1.6339739934434052,80.04607139999996,1.633593425855109,14.84720690000006,1.6353075307760467,18.827680899999905
1,1.6019545934986101,19.386624299999994,1.6026941617591417,112.39870959999996,1.6007871313975361,17.97176569999999,1.602046913395604,27.55923669999993
2,1.6118362356247724,27.26478059999988,1.610345954172437,101.0792462999998,1.6099042225953184,15.883366899999828,1.60992429270318,20.105717099999993
3,1.6125950146430699,37.55656490000001,1.6110725355681277,94.06127970000011,1.6109028271333083,21.18920049999997,1.6109976134666413,27.661117699999977
4,1.6752585463491114,38.018910700000106,1.6724591181778727,117.21539310000003,1.6726086267807498,27.441825899999913,1.6733527478534382,28.91633920000004
