strategy,Random (ts = 0.20),Random (ts = 0.20),CV (n = 5),CV (n = 5),Time (ts = 0.20),Time (ts = 0.20),Time-U (ts = 0.20),Time-U (ts = 0.20)
metric,rmse,time,rmse,time,rmse,time,rmse,time
0,0.9290012953506491,4.858092000000397,0.9286364152111829,15.793349399999897,0.9286098836372547,3.8221841000004133,0.9287934282827092,4.030893399999513
1,0.9310769276889096,4.402497199999743,0.9310646317667332,21.036000400000376,0.9312868443092104,3.5764629999994213,0.9312508944190928,4.05155620000005
2,0.9503857820249504,4.1959938999998485,0.9501659860688608,22.665546500000346,0.9502793532926193,5.0579084999999395,0.9503522846875797,5.20960869999999
3,1.187603631518739,5.13968769999974,1.1874628061382393,20.025211799999852,1.1872883611423335,5.234089700000368,1.1871613683778086,7.2832174999994095
4,1.0924063873802272,6.603774000000158,1.0922636032729993,25.075293099999726,1.092516435711125,5.735262399999556,1.0923452868664734,4.863849299999856
