strategy,Random (ts = 0.20),Random (ts = 0.20),CV (n = 5),CV (n = 5),Time (ts = 0.20),Time (ts = 0.20),Time-U (ts = 0.20),Time-U (ts = 0.20)
metric,rmse,time,rmse,time,rmse,time,rmse,time
0,1.441529987477483,35.67224629999964,1.4414704058533556,191.07356059999984,1.4416208327619917,34.946269899999606,1.441514013222548,44.345453400000224
1,1.4258039565959344,64.5117438000002,1.4251728890865674,210.4912116999999,1.4252009228657143,52.24426080000012,1.4252717312382934,49.192808799999966
2,1.3948325310024443,73.7444131999996,1.394005329830775,232.1091660000002,1.3937735912732712,49.273092700000234,1.3939176266278672,55.3837067999998
3,1.4051590720019882,68.55635849999999,1.4047696770540603,241.1596681999995,1.4047868368518979,46.68987060000018,1.4051591973128768,69.44318199999998
4,1.395216962805743,86.52867980000065,1.3939806165949857,258.18947190000017,1.3940647093094374,56.3533723999999,1.3940654959866887,64.05488709999918
