strategy,Random (ts = 0.20),Random (ts = 0.20),CV (n = 5),CV (n = 5),Time (ts = 0.20),Time (ts = 0.20),Time-U (ts = 0.20),Time-U (ts = 0.20)
metric,rmse,time,rmse,time,rmse,time,rmse,time
0,1.1699827853102773,13.999792200000229,1.1679117076774048,40.8354503999999,1.168101604710744,11.889440599999944,1.1681032920429835,10.549733199999537
1,1.1866974086615374,14.550912700000481,1.1837279569446366,58.72961790000045,1.1833137758306318,11.14876230000118,1.1831389342096803,11.75182649999988
2,1.2273111456216856,14.843009999998685,1.2258328165123866,52.259863600000244,1.2260899573201591,11.448384400000577,1.2257431160902839,11.536600999999791
3,1.2687004996859925,17.671097000000373,1.2664402382631101,72.82980889999999,1.26628754196142,13.260759099999632,1.2665479125540788,20.85481020000043
4,1.2604279357196848,15.499325599999793,1.2593528685479969,85.93283730000076,1.2599296917541773,14.230050899999696,1.2597242789348568,19.556754600000204
