strategy,Random (ts = 0.20),Random (ts = 0.20),CV (n = 5),CV (n = 5),Time (ts = 0.20),Time (ts = 0.20),Time-U (ts = 0.20),Time-U (ts = 0.20)
metric,rmse,time,rmse,time,rmse,time,rmse,time
0,1.4092831357584081,20.345377599999665,1.4090016652236776,59.27298519999931,1.408986098652803,13.543031600000177,1.409173392641454,17.824713599999995
1,1.4247974969245738,24.062417900000582,1.4243039856467647,67.14995309999995,1.4244308639662318,19.15717880000011,1.4243361265580292,16.435503999999128
2,1.422767799208869,24.800078799999937,1.4227979640885076,89.87749100000019,1.4224928381032107,17.889022000000296,1.4230270686150557,23.607442900000024
3,1.417125534248924,28.564800000000105,1.4156329797193237,91.02770069999951,1.4160060607679756,21.138490999999703,1.4152073351553343,21.329241899999943
4,1.476893616721556,25.300796600000467,1.4768032640678654,112.59988690000046,1.476820680503657,24.385056000000077,1.4769714812499706,22.813272600000346
