strategy,Random (ts = 0.20),Random (ts = 0.20),CV (n = 5),CV (n = 5),Time (ts = 0.20),Time (ts = 0.20),Time-U (ts = 0.20),Time-U (ts = 0.20)
metric,rmse,time,rmse,time,rmse,time,rmse,time
0,1.2764701071825033,27.072663900000407,1.274149882652447,79.44903019999947,1.275353360685676,27.226094900001044,1.2739543049377928,18.764539400001013
1,1.3012064719503846,34.15523740000026,1.2984230469598375,116.07452159999957,1.298475214371941,25.175586699999258,1.2994366451627295,34.34201089999988
2,1.3724329030143367,40.96496169999955,1.369298408402974,142.24386529999902,1.3685454657919593,25.04349899999943,1.3690540901394792,29.3041906999988
3,1.41438798532397,37.39125090000016,1.412607750259332,127.08582930000011,1.4131130338917854,27.65367200000037,1.4122223385721488,30.88898209999934
4,1.4831228765093556,47.16285280000011,1.4803237148510047,168.9762623000006,1.4802626281335043,39.1967726999992,1.4798825326638163,38.83377509999991
