strategy,Random (ts = 0.20),Random (ts = 0.20),CV (n = 5),CV (n = 5),Time (ts = 0.20),Time (ts = 0.20),Time-U (ts = 0.20),Time-U (ts = 0.20)
metric,rmse,time,rmse,time,rmse,time,rmse,time
0,3.5273494211719316,1.0895553000000007,3.534652610489994,3.9574894,3.5245021963947907,1.0764192999999977,3.518185448869571,1.8298327999999984
1,3.564531025489698,1.2935263999999975,3.5632497395999496,4.312021399999999,3.561404613607828,1.029837200000003,3.577153755697888,1.157222400000002
2,3.507958192108003,1.820655599999995,3.504991960043247,4.787684900000002,3.5162910230536024,1.1660210000000006,3.511333375558152,1.5207503999999972
3,3.598068634432882,1.4271534000000088,3.6014736548353996,5.423929000000001,3.5971234720449092,1.1412996999999905,3.591546553598395,1.2734734999999944
4,3.5980961025675264,1.5208717000000007,3.5798391615882648,5.6580590999999885,3.5910930126242007,1.4443371999999925,3.5967794793112855,1.5997376999999915
