strategy,Random (ts = 0.20),Random (ts = 0.20),CV (n = 5),CV (n = 5),Time (ts = 0.20),Time (ts = 0.20),Time-U (ts = 0.20),Time-U (ts = 0.20)
metric,rmse,time,rmse,time,rmse,time,rmse,time
0,0.9555996669512258,40.29820689999997,0.9561126847437951,173.1367092999999,0.9555830421630126,32.511000699999386,0.9559374368343803,28.8129785000001
1,0.9539262565318471,40.38398600000073,0.953309184377069,133.31020389999958,0.9535385790702766,29.040716199999224,0.9541016581940358,69.4149537000003
2,0.9533587714285412,37.17069429999992,0.9533804059677738,167.7996492000002,0.9541837343722775,56.77253930000006,0.953205846208906,39.12138709999999
3,0.9559417397503427,48.083691899999394,0.9560449036400607,203.20112810000046,0.9561807907323571,42.44358300000022,0.9560186002418627,61.21641410000029
4,0.9619291075493186,70.59374169999955,0.9614749237608817,270.2413363000005,0.9605194641248234,58.57796999999937,0.9601031283224095,45.68865640000058
