strategy,Random (ts = 0.20),Random (ts = 0.20),CV (n = 5),CV (n = 5),Time (ts = 0.20),Time (ts = 0.20),Time-U (ts = 0.20),Time-U (ts = 0.20)
metric,rmse,time,rmse,time,rmse,time,rmse,time
0,0.9323674548105515,29.438193100000035,0.9320409572943645,126.46404139999981,0.932192906601498,32.20442030000004,0.9328285464924666,34.1303441
1,0.9322930394869836,29.984772999999905,0.93227156301115,192.55589140000006,0.9321736840999975,45.05696570000009,0.932081155065546,43.08320319999984
2,0.9338026029443248,36.458045200000015,0.9340476369608711,201.25727930000016,0.9341102052662986,66.4460759000001,0.9344849790245187,55.2844419999999
3,0.9758692461280175,45.01567379999983,0.9757131938631115,230.30635250000023,0.975935626976559,57.78866049999988,0.9758834543998435,42.70518559999982
4,0.9705937911696854,45.96235939999997,0.9706690942198042,298.72675449999997,0.9702737391084991,46.42687969999997,0.9703328325605547,49.026121800000055
