strategy,Random (ts = 0.20),Random (ts = 0.20),CV (n = 5),CV (n = 5),Time (ts = 0.20),Time (ts = 0.20),Time-U (ts = 0.20),Time-U (ts = 0.20)
metric,rmse,time,rmse,time,rmse,time,rmse,time
0,1.2504682816048374,1.6881911999999986,1.2497447109084368,5.964078000000001,1.2507636191496778,1.1267046999999977,1.2505018532740502,1.3606426999999996
1,1.0848499761035506,1.4654556999999997,1.0853041928780538,6.326615200000006,1.0866348276052817,1.5824831999999986,1.0857258376522367,1.6112733000000006
2,1.1443722739774767,1.7261039999999994,1.1437969652824374,7.773957799999998,1.1441737930368736,1.6767599000000075,1.1447232229645667,1.7972902000000062
3,1.0740369415100228,2.0483992000000057,1.0747099114383731,9.154320799999994,1.0743670119825872,1.9140005999999943,1.0746024618642622,1.8270859000000002
4,1.0951629609540157,2.212664099999998,1.0962943368667686,8.74007060000001,1.0945759086080271,2.397828099999998,1.095909220373196,1.994310200000001
