strategy,Random (ts = 0.20),Random (ts = 0.20),CV (n = 5),CV (n = 5),Time (ts = 0.20),Time (ts = 0.20),Time-U (ts = 0.20),Time-U (ts = 0.20)
metric,rmse,time,rmse,time,rmse,time,rmse,time
0,0.9923540408751432,125.48836040000015,0.9903164674558612,591.5515258,0.9900609169020183,133.6342055,0.9903846106657659,162.2167115000002
1,1.0266439605926918,139.87197170000036,1.0264354266573528,823.3617190999998,1.0262614765545341,160.78538249999974,1.0261178590200155,218.03452960000004
2,0.9737818069193621,212.03443229999948,0.9739489108157003,701.5582448999994,0.9738233306136007,185.93552209999962,0.9735681546179749,184.31104790000063
3,0.998751139891595,177.42626949999976,0.9985278113680497,932.7026394000004,0.9985606010441481,169.40161530000023,0.9987677867754343,172.1932023999998
4,0.9835802156251477,226.87762440000006,0.9835691122236199,826.8657155000001,0.9838753987301928,217.10849119999966,0.983596640964899,177.11562850000064
