strategy,Random (ts = 0.20),Random (ts = 0.20),CV (n = 5),CV (n = 5),Time (ts = 0.20),Time (ts = 0.20),Time-U (ts = 0.20),Time-U (ts = 0.20)
metric,rmse,time,rmse,time,rmse,time,rmse,time
0,1.122250780718986,12.731477899999987,1.122349046718469,51.78092609999999,1.1220245326783924,11.903892700000029,1.122253761129737,12.367264299999988
1,1.1162126198276983,14.471466499999963,1.1158401147244363,66.89037380000002,1.1178909986284307,14.525085700000034,1.1167548817281474,14.919916399999977
2,1.0505779058876474,18.863599899999997,1.050913301873628,81.37208600000002,1.050753376540336,15.169029800000033,1.0508591231646998,17.482964699999968
3,1.0752968236405593,18.54983040000002,1.0754952084654554,76.08078139999998,1.0762212580816084,17.675700099999972,1.0752489153611064,22.533597999999984
4,0.9049954537328433,20.330252900000005,0.9097703301117843,84.96959130000005,0.9068477500841994,22.704264599999988,0.9039597534553896,21.563627999999994
