strategy,Random (ts = 0.20),Random (ts = 0.20),CV (n = 5),CV (n = 5),Time (ts = 0.20),Time (ts = 0.20),Time-U (ts = 0.20),Time-U (ts = 0.20)
metric,rmse,time,rmse,time,rmse,time,rmse,time
0,1.1217217536124298,19.627305100000058,1.1221658574741697,79.02795450000008,1.122085804278238,19.351951100000065,1.1218213028870299,19.965429500000027
1,1.1152350441302226,24.291968500000053,1.1153868638177225,73.5106947999999,1.1155848571509805,19.009285500000033,1.1163082906380626,19.20572970000012
2,1.0494509102278593,20.741017499999998,1.0493879941939945,123.78700350000008,1.0501901206952997,21.171710800000028,1.0496677876613905,26.148369600000024
3,1.0738577689943734,28.58989049999991,1.0740559225015196,96.43599910000012,1.0746129227731005,29.07214379999982,1.0742079764988095,23.06801509999991
4,0.9005336092409453,42.06043879999993,0.9034717583496898,116.30440129999988,0.9001857899101353,26.218126799999936,0.9011453292882774,25.49545830000011
